264 nodiscc <nodiscc@gmail.com>
223 Edward D <ed.kickball@hotmail.com>
42  Andrew <AndyR207@users.noreply.github.com>
31  Kovah <mail@kovah.de>
22  Kickball <ed.kickball@hotmail.com>
13  jungle-boogie <sean@jungleboogie.me>
10  Thomas Dalichow <2012-02-05.github.com@thomasdalichow.de>
10  cave beat <cave@cavebeat.org>
9   Joubert RedRat <eu+github@redrat.com.br>
8   CooperBarrett <anthony.lhuissier@openmailbox.org>
7   Andrew Peng <pengc99@gmail.com>
7   Andrew Rylatt <AndyR207@users.noreply.github.com>
7   Hammy Havoc <hammy@splitanatom.com>
7   Thomas Dalichow <info@thomasdalichow.de>
7   n1trux <n1trux@users.noreply.github.com>
7   phre4k <me@phre4k.at>
7   édouard u. <mail@edouard.us>
6   Per Guth <mail@perguth.de>
5   Jean Champémont <jchampemont@users.noreply.github.com>
5   Moti Korets <moti.kor@gmail.com>
5   cave <cavebeat@users.noreply.github.com>
4   Andrew <andrew@rylatt.me>
4   AndrewCz <smacz42@users.noreply.github.com>
4   Cory Gibbons <hello@corygibbons.com>
4   Dominik Pfaffenbauer <dominik@lineofcode.at>
4   Dr. Azrael Tod <github.com@g33ky.de>
4   Ilya Sevostyanov <d3th@zeen.ru>
4   Jean Elchinger <jinformatique@riseup.net>
4   Joshua Westerheide <dev@jdoubleu.de>
4   Marius Voila <marius.voila@gmail.com>
4   Valmik <mail@valmik.in>
4   dattaz <taz@dattaz.fr>
4   paddo <mail@patrickrichter.net>
3   Aguay <baraise.valentin@gmail.com>
3   Akhyar Amarullah <akhyrul@gmail.com>
3   Chris McCormick <chris@mccormick.cx>
3   Conor O'Callaghan <brioscaibriste@users.noreply.github.com>
3   Cédric Krier <cedk@users.noreply.github.com>
3   Ethan Lowman <ethanal@users.noreply.github.com>
3   FoxMaSk <foxmask@users.noreply.github.com>
3   George C. Privon <privong@users.noreply.github.com>
3   Görkem Çetin <gc@count.ly>
3   Jan Vlnas <jnv@users.noreply.github.com>
3   Lee Watson <rev@revthefox.co.uk>
3   Leo Gaggl <leo@brightcookie.com.au>
3   Marc Picaud <picaud.marc@gmail.com>
3   Mariusz Kozakowski <11mariom+wordpress@gmail.com>
3   Martin Gontovnikas <martin@gon.to>
3   Mathieu Leplatre <mathieu@leplat.re>
3   Pavan Yara <yarapavan@gmail.com>
3   Tobi Schäfer <interface@p3k.org>
3   Ye Lin Aung <me@yelinaung.com>
3   jungle-boogie <sean@rastasean.net>
3   rett gerst <rettgerst@users.noreply.github.com>
2   Adminrezo (Nico Dewaele) <nico@adminrezo.fr>
2   Albert Cervera i Areny <albert@nan-tic.com>
2   Alexander Ryzhov <gtihub@ryzhov-al.ru>
2   Alexis Metaireau <alexis@notmyidea.org>
2   Andrew Hayworth <hayworth@meraki.net>
2   Bartłomiej Kurzeja <B3QL@users.noreply.github.com>
2   Brendan Abolivier <contact@brendanabolivier.com>
2   Charles Farence III <charles@charlessite90.com>
2   Chris Missal <chris.missal@gmail.com>
2   Costin Moise <necenzurat@gmail.com>
2   David Leonard <david@appliedtrust.com>
2   David Wayne Baxter <dbxt@users.noreply.github.com>
2   Derek Viera <ma.dmviera01@gmail.com>
2   Deryck <dhenson02@users.noreply.github.com>
2   Greg V <greg@unrelenting.technology>
2   Henry Ruhs <info@redaxmedia.com>
2   Jason Robinson <mail@jasonrobinson.me>
2   Joseph Dykstra <josephdykstra@gmail.com>
2   Julien Bisconti <veggiemonk@users.noreply.github.com>
2   Kevin Vandenborne <kevin.vandenborne@gmail.com>
2   Marien Fressinaud <dev@marienfressinaud.fr>
2   Massimo Santini <massimo.santini@gmail.com>
2   Matthieu Aubry <matt@piwik.org>
2   Michael Tunnell <MichaelTunnell@users.noreply.github.com>
2   Mikael Peigney <Mika56@users.noreply.github.com>
2   Nicolas Carlier <n.carlier@nunux.org>
2   Patrik Ragnarsson <patrik@starkast.net>
2   Peter Ivanov <peter@microweber.com>
2   Peter Thaleikis <spekulatius@users.noreply.github.com>
2   Pierre Ozoux <pierre@ozoux.net>
2   Poorchop <Poorchop@users.noreply.github.com>
2   ReadmeCritic <frankensteinbot@gmail.com>
2   Ricardo Torres <ricardo@rictorres.com.br>
2   Roland Geider <roland@geider.net>
2   Ryan Mulligan <ryan@ryantm.com>
2   Sam Tuke <mail@samtuke.com>
2   Sameer Al-Sakran <salsakran@users.noreply.github.com>
2   Shane Cooke <shanecooke@mac.com>
2   Simon Vieille <simon@deblan.fr>
2   Stefane Fermigier <sf@fermigier.com>
2   Stefano <sabas88@gmail.com>
2   Thomas Citharel <tcit@tcit.fr>
2   Vadim Rutkovsky <vrutkovs@redhat.com>
2   cornerot <cornerot@gmail.com>
2   cron410 <cron410@gmail.com>
2   jimykk <JimyKK@users.noreply.github.com>
2   markkrj <markkrj@users.noreply.github.com>
2   rafael-santiago <voidbrainvoid@gmail.com>
2   thomasfrivold <thomas.frivold@gmail.com>
2   tillarnold <throwable42@gmail.com>
2   tomc3 <wordoftheday003@gmail.com>
2   yuche <i@yuche.me>
1   Alashov Berkeli <yunus.alashow@gmail.com>
1   Alex Fornuto <alex@fornuto.com>
1   Alys <alice.harris@oldgods.net>
1   Andrew Murray <radarhere@gmail.com>
1   Angel Velasquez <angvp@archlinux.org>
1   Bob Mottram <bob@robotics.uk.to>
1   Brett <brettex@hotmail.com>
1   Burung Hantu <privacytoolsIO@users.noreply.github.com>
1   C.J. Jameson <cjcjameson@gmail.com>
1   Caleb Xu <calebcenter@live.com>
1   Calle Wolff <carl@wolff.se>
1   Chanchal Kumar Ghosh <chanchal_ghosh1987@yahoo.co.in>
1   Chema <neo22s@gmail.com>
1   Craig Davison <craig@davison.io>
1   Dan <rocks.in.the.cloud@gmail.com>
1   David Baldwynn <whitef0x0@users.noreply.github.com>
1   Dirk Krause <dirkk0@googlemail.com>
1   Dmitriy Volkov <wldhx+vcs+github_com@wldhx.me>
1   Doğan Çelik <dogancelik@users.noreply.github.com>
1   Dražen Lučanin <kermit666@gmail.com>
1   Eren Hatırnaz <erenhatirnaz@hotmail.com.tr>
1   Ethan Madden <crazeh.monkeh@gmail.com>
1   Felix Bartels <felix@host-consultants.de>
1   Florian Kaiser <florian.kaiser@fnkr.net>
1   Florian Wilhelm <f.wilhelm@tarent.de>
1   FortressBuilder <FortressBuilder@users.noreply.github.com>
1   Gabriel Cossette <gabriel.cossette@gmail.com>
1   Igor Antun <IgorAntun@users.noreply.github.com>
1   Izac Lorimer <izaclorimer@users.noreply.github.com>
1   Jan <jayphizzle@users.noreply.github.com>
1   Jarek Lipski <pub@loomchild.net>
1   Jean Menezes da Rocha <jean@menezesdarocha.info>
1   Jeremiah Marks <jeremiah@jlmarks.org>
1   Joel Calado <joelcalado@gmail.com>
1   Josh Harmon <me@joshharmon.me>
1   Joshua Hamilton <joshua.hamilton@fabricut.com>
1   José Castro <cogurov@gmail.com>
1   Julien Bisconti <julien.bisconti@gmail.com>
1   Julien Reichardt <jul.reich43@opmbx.org>
1   Justin O'Reilly <justin@oreilly.me>
1   Jérémie Astori <jeremie@astori.fr>
1   Keith Thibodeaux <kthib89+github@gmail.com>
1   Keith Thibodeaux <kthibodeaux@peachtreebilling.com>
1   Keyhaku <jones@bious.fr>
1   Kyle Stetz <kylestetz@gmail.com>
1   Liran Tal <liran.tal@gmail.com>
1   Madhu GB <github@madhugb.com>
1   Madhu GB <me@madhugb.com>
1   Marc Laporte <marc@laporte.name>
1   Marcin Karpezo <m.karpezo@nencki.gov.pl>
1   Marcus Ramberg <marcus@nordaaker.com>
1   Mark Ide <mark@cranstonide.com>
1   MatFluor <MatFluor@users.noreply.github.com>
1   Matt Hazinski <matt@matthazinski.com>
1   Matt Lee <mattl@users.noreply.github.com>
1   Matteo Piccina <matteo@beiphone.it>
1   Michael Burns <michael@mirwin.net>
1   Mike Steele <mike@steel.fm>
1   Morris Jobke <hey@morrisjobke.de>
1   Murdoc Bates <trockenasche@gmail.com>
1   NicolasCARPi <nicolas.carpi@curie.fr>
1   Norman Xu <im@norm.im>
1   Oliver Kopp <kopp.dev@gmail.com>
1   Paul <paul@rosanbo.com>
1   Pavel Lobashov <ShockwaveNN@gmail.com>
1   Pavel Lobashov <shockwavenn@gmail.com>
1   Peter van den Hurk <runical1991@gmail.com>
1   Phill <phill@formbet.co.uk>
1   Remy Adriaanse <remy@adriaanse.it>
1   Remy Honig <remyhonig@users.noreply.github.com>
1   Riddler <Iamjithin@live.com>
1   Roberto Rosario <roberto.rosario.gonzalez@gmail.com>
1   Ryan Halliday <ry167@ry167.com>
1   Starbeamrainbowlabs <sbrl@starbeamrainbowlabs.com>
1   Stefan Bohacek <stefan.bohacek@gmail.com>
1   Stefan Bohacek <stefan@fourtonfish.com>
1   Stefan Weil <sw@weilnetz.de>
1   Sylvain Boily <sylvainboilydroid@gmail.com>
1   The Scorpion <tehscorpion@users.noreply.github.com>
1   Tobias Zeising <tobias.zeising@aditu.de>
1   benmaynard11 <allowin-217941-github@vhost244.maynardnetworks.com>
1   bricej13 <bricej13@gmail.com>
1   cbdev <cb@cbcdn.com>
1   dimqua <dimqua@lavabit.com>
1   florianl <florianl@users.noreply.github.com>
1   hebbet <pascal.herbert@gmail.com>
1   lachlan-00 <lachlan.00@gmail.com>
1   littleguga <littleguga@users.noreply.github.com>
1   memorex258 <phillip.a.brown@live.com>
1   mertinop <martin.santibanez.a@gmail.com>
1   sc0repi0 <sc0repi0@gmx.de>
1   skarphet <skarphet@users.noreply.github.com>
1   steven jacobs <stjacobs@fastmail.fm>
1   stevesbrain <stevesbrain@users.noreply.github.com>
1   ttoups <ich@timotoups.de>
1   wxcafé <wxcafe@wxcafe.net>
